nome_arquivo,lote,Lucas Mendes,Lucas Rafael,rotulo_final
PSP_EXTRATLEITIMPL_030726_0121_20000000000852982572_000.jpg,PSP_EXTRATLEITIMPL_030726_0121,ilegivel,legivel,
PSP_EXTRATLEITIMPL_030726_0121_20000000001803004862_000.jpg,PSP_EXTRATLEITIMPL_030726_0121,ilegivel,legivel,
PSP_EXTRATLEITIMPL_030726_0121_20000000002303017005_000.jpg,PSP_EXTRATLEITIMPL_030726_0121,ilegivel,legivel,
PSP_EXTRATLEITIMPL_030726_0121_20000000002552986712_000.jpg,PSP_EXTRATLEITIMPL_030726_0121,ilegivel,legivel,
PSP_EXTRATLEITIMPL_030726_0121_20000000002603018078_000.jpg,PSP_EXTRATLEITIMPL_030726_0121,ilegivel,legivel,
PSP_EXTRATLEITIMPL_030726_0121_20000000003002994797_000.jpg,PSP_EXTRATLEITIMPL_030726_0121,nao_medidor,ilegivel,
PSP_EXTRATLEITIMPL_030726_0121_20000000004103006153_000.jpg,PSP_EXTRATLEITIMPL_030726_0121,ilegivel,legivel,
PSP_EXTRATLEITIMPL_030726_0121_20000000009052975712_000.jpg,PSP_EXTRATLEITIMPL_030726_0121,ilegivel,legivel,
PSP_EXTRATLEITIMPL_030726_0121_20000000011452973951_000.jpg,PSP_EXTRATLEITIMPL_030726_0121,ilegivel,legivel,
PSP_EXTRATLEITIMPL_030726_0121_20000000016352985650_000.jpg,PSP_EXTRATLEITIMPL_030726_0121,ilegivel,legivel,
PSP_EXTRATLEITIMPL_030726_0121_20000000017303013602_000.jpg,PSP_EXTRATLEITIMPL_030726_0121,ilegivel,legivel,
PSP_EXTRATLEITIMPL_030726_0121_20000000019953007426_001.jpg,PSP_EXTRATLEITIMPL_030726_0121,ilegivel,legivel,
PSP_EXTRATLEITIMPL_200526_0352_20000000001602992226_000.jpg,PSP_EXTRATLEITIMPL_200526_0352,ilegivel,legivel,
PSP_EXTRATLEITIMPL_200526_0352_20000000002352983258_000.jpg,PSP_EXTRATLEITIMPL_200526_0352,ilegivel,legivel,
PSP_EXTRATLEITIMPL_200526_0352_20000000003602981517_000.jpg,PSP_EXTRATLEITIMPL_200526_0352,ilegivel,legivel,
PSP_EXTRATLEITIMPL_200526_0352_20000000003952977231_000.jpg,PSP_EXTRATLEITIMPL_200526_0352,ilegivel,legivel,
PSP_EXTRATLEITIMPL_200526_0352_20000000004253001242_000.jpg,PSP_EXTRATLEITIMPL_200526_0352,nao_medidor,ilegivel,
PSP_EXTRATLEITIMPL_200526_0352_20000000004302969918_000.jpg,PSP_EXTRATLEITIMPL_200526_0352,ilegivel,legivel,
PSP_EXTRATLEITIMPL_200526_0352_20000000005402975920_000.jpg,PSP_EXTRATLEITIMPL_200526_0352,nao_medidor,ilegivel,
PSP_EXTRATLEITIMPL_200526_0352_20000000005552965823_000.jpg,PSP_EXTRATLEITIMPL_200526_0352,ilegivel,legivel,
PSP_EXTRATLEITIMPL_200526_0352_20000000006302961987_000.jpg,PSP_EXTRATLEITIMPL_200526_0352,ilegivel,legivel,
PSP_EXTRATLEITIMPL_200526_0352_20000000006852990606_000.jpg,PSP_EXTRATLEITIMPL_200526_0352,ilegivel,legivel,
PSP_EXTRATLEITIMPL_200526_0352_20000000009252965667_000.jpg,PSP_EXTRATLEITIMPL_200526_0352,ilegivel,legivel,
PSP_EXTRATLEITIMPL_200526_0352_20000000009852988090_000.jpg,PSP_EXTRATLEITIMPL_200526_0352,ilegivel,legivel,
PSP_EXTRATLEITIMPL_200526_0352_20000000011002975546_000.jpg,PSP_EXTRATLEITIMPL_200526_0352,ilegivel,legivel,
PSP_EXTRATLEITIMPL_200526_0352_20000000013902958857_000.jpg,PSP_EXTRATLEITIMPL_200526_0352,ilegivel,legivel,
PSP_EXTRATLEITIMPL_200526_0352_20000000014452970261_000.jpg,PSP_EXTRATLEITIMPL_200526_0352,ilegivel,legivel,
PSP_EXTRATLEITIMPL_200526_0352_20000000015152979549_000.jpg,PSP_EXTRATLEITIMPL_200526_0352,ilegivel,legivel,
PSP_EXTRATLEITIMPL_200526_0352_20000000015802956497_000.jpg,PSP_EXTRATLEITIMPL_200526_0352,nao_medidor,ilegivel,
PSP_EXTRATLEITIMPL_200526_0352_20000000017452976740_000.jpg,PSP_EXTRATLEITIMPL_200526_0352,ilegivel,legivel,
PSP_EXTRATLEITIMPL_200526_0352_20000000017702989562_000.jpg,PSP_EXTRATLEITIMPL_200526_0352,ilegivel,legivel,
PSP_EXTRATLEITIMPL_200526_0352_20000000018152973553_000.jpg,PSP_EXTRATLEITIMPL_200526_0352,ilegivel,legivel,
PSP_EXTRATLEITIMPL_200526_0352_20000000019952987356_000.jpg,PSP_EXTRATLEITIMPL_200526_0352,ilegivel,legivel,
PSP_EXTRATLEITIMPL_210526_0335_20000000000252989406_000.jpg,PSP_EXTRATLEITIMPL_210526_0335,ilegivel,legivel,
PSP_EXTRATLEITIMPL_210526_0335_20000000002952982572_000.jpg,PSP_EXTRATLEITIMPL_210526_0335,ilegivel,legivel,
PSP_EXTRATLEITIMPL_210526_0335_20000000003402965967_000.jpg,PSP_EXTRATLEITIMPL_210526_0335,ilegivel,legivel,
PSP_EXTRATLEITIMPL_210526_0335_20000000003452954981_000.jpg,PSP_EXTRATLEITIMPL_210526_0335,ilegivel,legivel,
PSP_EXTRATLEITIMPL_210526_0335_20000000004152991239_000.jpg,PSP_EXTRATLEITIMPL_210526_0335,ilegivel,legivel,
PSP_EXTRATLEITIMPL_210526_0335_20000000004402984299_000.jpg,PSP_EXTRATLEITIMPL_210526_0335,ilegivel,legivel,
PSP_EXTRATLEITIMPL_210526_0335_20000000004552994032_000.jpg,PSP_EXTRATLEITIMPL_210526_0335,ilegivel,legivel,
PSP_EXTRATLEITIMPL_210526_0335_20000000005052996538_000.jpg,PSP_EXTRATLEITIMPL_210526_0335,ilegivel,legivel,
PSP_EXTRATLEITIMPL_210526_0335_20000000007352976775_000.jpg,PSP_EXTRATLEITIMPL_210526_0335,ilegivel,legivel,
PSP_EXTRATLEITIMPL_210526_0335_20000000008552955956_000.jpg,PSP_EXTRATLEITIMPL_210526_0335,ilegivel,legivel,
PSP_EXTRATLEITIMPL_210526_0335_20000000008802953954_000.jpg,PSP_EXTRATLEITIMPL_210526_0335,nao_medidor,ilegivel,
PSP_EXTRATLEITIMPL_210526_0335_20000000011452967554_000.jpg,PSP_EXTRATLEITIMPL_210526_0335,ilegivel,legivel,
PSP_EXTRATLEITIMPL_210526_0335_20000000012252966773_000.jpg,PSP_EXTRATLEITIMPL_210526_0335,ilegivel,legivel,
PSP_EXTRATLEITIMPL_210526_0335_20000000013102963903_000.jpg,PSP_EXTRATLEITIMPL_210526_0335,ilegivel,legivel,
PSP_EXTRATLEITIMPL_210526_0335_20000000013402989392_000.jpg,PSP_EXTRATLEITIMPL_210526_0335,ilegivel,legivel,
PSP_EXTRATLEITIMPL_210526_0335_20000000014152946982_000.jpg,PSP_EXTRATLEITIMPL_210526_0335,nao_medidor,ilegivel,
PSP_EXTRATLEITIMPL_210526_0335_20000000014402963680_001.jpg,PSP_EXTRATLEITIMPL_210526_0335,ilegivel,legivel,
PSP_EXTRATLEITIMPL_210526_0335_20000000014752970335_000.jpg,PSP_EXTRATLEITIMPL_210526_0335,nao_medidor,ilegivel,
PSP_EXTRATLEITIMPL_210526_0335_20000000016052977524_000.jpg,PSP_EXTRATLEITIMPL_210526_0335,nao_medidor,ilegivel,
PSP_EXTRATLEITIMPL_210526_0335_20000000016252959945_000.jpg,PSP_EXTRATLEITIMPL_210526_0335,ilegivel,legivel,
PSP_EXTRATLEITIMPL_210526_0335_20000000018052963773_000.jpg,PSP_EXTRATLEITIMPL_210526_0335,ilegivel,legivel,
PSP_EXTRATLEITIMPL_210526_0335_20000000018952984385_000.jpg,PSP_EXTRATLEITIMPL_210526_0335,ilegivel,legivel,
PSP_EXTRATLEITIMPL_210526_0335_20000000019102988175_000.jpg,PSP_EXTRATLEITIMPL_210526_0335,ilegivel,legivel,
PSP_EXTRATLEITIMPL_220526_0408_20000000000102966615_000.jpg,PSP_EXTRATLEITIMPL_220526_0408,ilegivel,legivel,
PSP_EXTRATLEITIMPL_220526_0408_20000000000802968543_000.jpg,PSP_EXTRATLEITIMPL_220526_0408,ilegivel,legivel,
PSP_EXTRATLEITIMPL_220526_0408_20000000003352973286_000.jpg,PSP_EXTRATLEITIMPL_220526_0408,ilegivel,legivel,
PSP_EXTRATLEITIMPL_220526_0408_20000000004753005143_000.jpg,PSP_EXTRATLEITIMPL_220526_0408,ilegivel,legivel,
PSP_EXTRATLEITIMPL_220526_0408_20000000005452971714_000.jpg,PSP_EXTRATLEITIMPL_220526_0408,ilegivel,legivel,
PSP_EXTRATLEITIMPL_220526_0408_20000000006502984797_000.jpg,PSP_EXTRATLEITIMPL_220526_0408,ilegivel,legivel,
PSP_EXTRATLEITIMPL_220526_0408_20000000009302981021_000.jpg,PSP_EXTRATLEITIMPL_220526_0408,ilegivel,legivel,
PSP_EXTRATLEITIMPL_220526_0408_20000000010652945980_000.jpg,PSP_EXTRATLEITIMPL_220526_0408,ilegivel,legivel,
PSP_EXTRATLEITIMPL_220526_0408_20000000010952951906_000.jpg,PSP_EXTRATLEITIMPL_220526_0408,ilegivel,legivel,
PSP_EXTRATLEITIMPL_220526_0408_20000000011302968671_000.jpg,PSP_EXTRATLEITIMPL_220526_0408,ilegivel,legivel,
PSP_EXTRATLEITIMPL_220526_0408_20000000012552956939_000.jpg,PSP_EXTRATLEITIMPL_220526_0408,ilegivel,legivel,
PSP_EXTRATLEITIMPL_220526_0408_20000000012852974438_000.jpg,PSP_EXTRATLEITIMPL_220526_0408,ilegivel,legivel,
PSP_EXTRATLEITIMPL_220526_0408_20000000013602979006_000.jpg,PSP_EXTRATLEITIMPL_220526_0408,ilegivel,legivel,
PSP_EXTRATLEITIMPL_220526_0408_20000000014152954954_000.jpg,PSP_EXTRATLEITIMPL_220526_0408,ilegivel,legivel,
PSP_EXTRATLEITIMPL_220526_0408_20000000014602986335_000.jpg,PSP_EXTRATLEITIMPL_220526_0408,ilegivel,legivel,
PSP_EXTRATLEITIMPL_220526_0408_20000000015152958894_000.jpg,PSP_EXTRATLEITIMPL_220526_0408,ilegivel,legivel,
PSP_EXTRATLEITIMPL_220526_0408_20000000017202963992_000.jpg,PSP_EXTRATLEITIMPL_220526_0408,ilegivel,legivel,
PSP_EXTRATLEITIMPL_220526_0408_20000000017403001075_000.jpg,PSP_EXTRATLEITIMPL_220526_0408,ilegivel,legivel,
PSP_EXTRATLEITIMPL_220526_0408_20000000017752972985_000.jpg,PSP_EXTRATLEITIMPL_220526_0408,ilegivel,legivel,
